fecha,nombre,ha,ms_kg_ha,ms_kg_total
2020-01,1,75.79,508.0,38512.0
2020-01,2,78.84,704.0,55467.0
2020-01,3,98.81,977.0,96513.0
2020-01,4,112.37,617.0,69279.0
2020-01,5,67.87,608.0,41267.0
2020-01,6,83.32,747.0,62253.0
2020-01,7,96.12,802.0,77087.0
2020-01,8,62.86,643.0,40396.0
2020-01,9,81.42,625.0,50867.0
2020-01,10,136.94,650.0,89020.0
2020-01,11,117.19,581.0,68124.0
2020-01,14B,53.8,181.0,9734.0
2020-01,15A,79.31,676.0,53637.0
2020-01,15B,70.0,774.0,54145.0
2020-01,Puesto,2.24,622.0,1393.0
2020-01,9B,8.86,658.0,5831.0
2020-01,14A,55.95,475.0,26549.0
2020-01,13,52.75,844.0,44506.0
2020-01,12,42.33,888.0,37588.0
2020-01,Casco,4.83,874.0,4221.0
2020-02,1,75.79,602.0,45623.0
2020-02,2,78.84,545.0,42930.0
2020-02,3,98.81,898.0,88686.0
2020-02,4,112.37,633.0,71173.0
2020-02,5,67.87,566.0,38394.0
2020-02,6,83.32,751.0,62612.0
2020-02,7,96.12,784.0,75358.0
2020-02,8,62.86,640.0,40253.0
2020-02,9,81.42,574.0,46753.0
2020-02,10,136.94,754.0,103267.0
2020-02,11,117.19,591.0,69220.0
2020-02,14B,53.8,470.0,25312.0
2020-02,15A,79.31,728.0,57743.0
2020-02,15B,70.0,478.0,33431.0
2020-02,Puesto,2.24,669.0,1498.0
2020-02,9B,8.86,680.0,6022.0
2020-02,14A,55.95,388.0,21701.0
2020-02,13,52.75,635.0,33478.0
2020-02,12,42.33,564.0,23892.0
2020-02,Casco,4.83,829.0,4006.0
2020-03,1,75.79,402.0,30492.0
2020-03,2,78.84,440.0,34656.0
2020-03,3,98.81,692.0,68373.0
2020-03,4,112.37,637.0,71561.0
2020-03,5,67.87,492.0,33406.0
2020-03,6,83.32,657.0,54714.0
2020-03,7,96.12,731.0,70266.0
2020-03,8,62.86,494.0,31044.0
2020-03,9,81.42,667.0,54290.0
2020-03,10,136.94,621.0,85059.0
2020-03,11,117.19,600.0,70354.0
2020-03,14B,53.8,463.0,24920.0
2020-03,15A,79.31,738.0,58510.0
2020-03,15B,70.0,405.0,28336.0
2020-03,Puesto,2.24,538.0,1206.0
2020-03,9B,8.86,749.0,6633.0
2020-03,14A,55.95,432.0,24174.0
2020-03,13,52.75,585.0,30845.0
2020-03,12,42.33,606.0,25670.0
2020-03,Casco,4.83,665.0,3213.0
2020-04,1,75.79,366.0,27702.0
2020-04,2,78.84,295.0,23240.0
2020-04,3,98.81,399.0,39467.0
2020-04,4,112.37,477.0,53649.0
2020-04,5,67.87,291.0,19760.0
2020-04,6,83.32,393.0,32736.0
2020-04,7,96.12,606.0,58219.0
2020-04,8,62.86,401.0,25208.0
2020-04,9,81.42,445.0,36208.0
2020-04,10,136.94,435.0,59625.0
2020-04,11,117.19,490.0,57451.0
2020-04,14B,53.8,687.0,36948.0
2020-04,15A,79.31,561.0,44458.0
2020-04,15B,70.0,306.0,21404.0
2020-04,Puesto,2.24,407.0,911.0
2020-04,9B,8.86,480.0,4253.0
2020-04,14A,55.95,544.0,30427.0
2020-04,13,52.75,477.0,25149.0
2020-04,12,42.33,462.0,19568.0
2020-04,Casco,4.83,577.0,2786.0
2020-05,1,75.79,223.0,16893.0
2020-05,2,78.84,159.0,12529.0
2020-05,3,98.81,225.0,22272.0
2020-05,4,112.37,222.0,24983.0
2020-05,5,67.87,166.0,11269.0
2020-05,6,83.32,176.0,14623.0
2020-05,7,96.12,314.0,30188.0
2020-05,8,62.86,262.0,16461.0
2020-05,9,81.42,221.0,18030.0
2020-05,10,136.94,267.0,36593.0
2020-05,11,117.19,294.0,34439.0
2020-05,14B,53.8,572.0,30782.0
2020-05,15A,79.31,235.0,18626.0
2020-05,15B,70.0,227.0,15898.0
2020-05,Puesto,2.24,231.0,518.0
2020-05,9B,8.86,253.0,2241.0
2020-05,14A,55.95,440.0,24606.0
2020-05,13,52.75,306.0,16166.0
2020-05,12,42.33,197.0,8336.0
2020-05,Casco,4.83,438.0,2114.0
2020-06,1,75.79,151.0,11432.0
2020-06,2,78.84,116.0,9107.0
2020-06,3,98.81,140.0,13860.0
2020-06,4,112.37,121.0,13604.0
2020-06,5,67.87,99.0,6738.0
2020-06,6,83.32,99.0,8272.0
2020-06,7,96.12,169.0,16245.0
2020-06,8,62.86,132.0,8286.0
2020-06,9,81.42,137.0,11192.0
2020-06,10,136.94,194.0,26539.0
2020-06,11,117.19,150.0,17564.0
2020-06,14B,53.8,417.0,22432.0
2020-06,15A,79.31,129.0,10248.0
2020-06,15B,70.0,181.0,12639.0
2020-06,Puesto,2.24,168.0,375.0
2020-06,9B,8.86,193.0,1707.0
2020-06,14A,55.95,280.0,15676.0
2020-06,13,52.75,166.0,8743.0
2020-06,12,42.33,115.0,4871.0
2020-06,Casco,4.83,320.0,1547.0
2020-07,1,75.79,142.0,10795.0
2020-07,2,78.84,113.0,8890.0
2020-07,3,98.81,116.0,11470.0
2020-07,4,112.37,109.0,12239.0
2020-07,5,67.87,92.0,6213.0
2020-07,6,83.32,81.0,6715.0
2020-07,7,96.12,108.0,10421.0
2020-07,8,62.86,102.0,6441.0
2020-07,9,81.42,104.0,8436.0
2020-07,10,136.94,200.0,27412.0
2020-07,11,117.19,101.0,11797.0
2020-07,14B,53.8,340.0,18317.0
2020-07,15A,79.31,85.0,6754.0
2020-07,15B,70.0,168.0,11728.0
2020-07,Puesto,2.24,151.0,339.0
2020-07,9B,8.86,190.0,1685.0
2020-07,14A,55.95,215.0,12047.0
2020-07,13,52.75,119.0,6269.0
2020-07,12,42.33,116.0,4924.0
2020-07,Casco,4.83,297.0,1433.0
2020-08,1,75.79,261.0,19784.0
2020-08,2,78.84,207.0,16353.0
2020-08,3,98.81,185.0,18280.0
2020-08,4,112.37,175.0,19687.0
2020-08,5,67.87,141.0,9602.0
2020-08,6,83.32,121.0,10106.0
2020-08,7,96.12,163.0,15689.0
2020-08,8,62.86,175.0,11017.0
2020-08,9,81.42,196.0,15955.0
2020-08,10,136.94,356.0,48796.0
2020-08,11,117.19,161.0,18853.0
2020-08,14B,53.8,363.0,19515.0
2020-08,15A,79.31,156.0,12350.0
2020-08,15B,70.0,207.0,14517.0
2020-08,Puesto,2.24,229.0,513.0
2020-08,9B,8.86,406.0,3601.0
2020-08,14A,55.95,325.0,18207.0
2020-08,13,52.75,188.0,9935.0
2020-08,12,42.33,235.0,9927.0
2020-08,Casco,4.83,497.0,2400.0
2020-09,1,75.79,366.0,27747.0
2020-09,2,78.84,299.0,23558.0
2020-09,3,98.81,235.0,23189.0
2020-09,4,112.37,259.0,29082.0
2020-09,5,67.87,197.0,13342.0
2020-09,6,83.32,164.0,13626.0
2020-09,7,96.12,228.0,21956.0
2020-09,8,62.86,260.0,16317.0
2020-09,9,81.42,305.0,24837.0
2020-09,10,136.94,458.0,62778.0
2020-09,11,117.19,223.0,26188.0
2020-09,14B,53.8,390.0,20997.0
2020-09,15A,79.31,227.0,18023.0
2020-09,15B,70.0,294.0,20565.0
2020-09,Puesto,2.24,296.0,663.0
2020-09,9B,8.86,607.0,5375.0
2020-09,14A,55.95,423.0,23692.0
2020-09,13,52.75,277.0,14613.0
2020-09,12,42.33,403.0,17047.0
2020-09,Casco,4.83,598.0,2888.0
2020-10,1,75.79,605.0,45817.0
2020-10,2,78.84,524.0,41300.0
2020-10,3,98.81,433.0,42765.0
2020-10,4,112.37,478.0,53719.0
2020-10,5,67.87,360.0,24410.0
2020-10,6,83.32,291.0,24258.0
2020-10,7,96.12,376.0,36136.0
2020-10,8,62.86,432.0,27163.0
2020-10,9,81.42,516.0,42027.0
2020-10,10,136.94,730.0,100012.0
2020-10,11,117.19,424.0,49710.0
2020-10,14B,53.8,602.0,32394.0
2020-10,15A,79.31,421.0,33357.0
2020-10,15B,70.0,552.0,38666.0
2020-10,Puesto,2.24,478.0,1070.0
2020-10,9B,8.86,802.0,7108.0
2020-10,14A,55.95,702.0,39276.0
2020-10,13,52.75,460.0,24248.0
2020-10,12,42.33,542.0,22954.0
2020-10,Casco,4.83,867.0,4189.0
2020-11,1,75.79,988.0,74877.0
2020-11,2,78.84,941.0,74209.0
2020-11,3,98.81,1159.0,114483.0
2020-11,4,112.37,1357.0,152467.0
2020-11,5,67.87,829.0,56245.0
2020-11,6,83.32,817.0,68032.0
2020-11,7,96.12,862.0,82892.0
2020-11,8,62.86,938.0,58987.0
2020-11,9,81.42,1021.0,83118.0
2020-11,10,136.94,1158.0,158529.0
2020-11,11,117.19,1127.0,132050.0
2020-11,14B,53.8,1215.0,65346.0
2020-11,15A,79.31,1054.0,83608.0
2020-11,15B,70.0,1134.0,79409.0
2020-11,Puesto,2.24,855.0,1915.0
2020-11,9B,8.86,1273.0,11276.0
2020-11,14A,55.95,1180.0,66021.0
2020-11,13,52.75,1118.0,58984.0
2020-11,12,42.33,1102.0,46662.0
2020-11,Casco,4.83,1036.0,5002.0
2020-12,1,75.79,332.0,25148.0
2020-12,2,78.84,355.0,27962.0
2020-12,3,98.81,717.0,70846.0
2020-12,4,112.37,462.0,51891.0
2020-12,5,67.87,489.0,33207.0
2020-12,6,83.32,806.0,67183.0
2020-12,7,96.12,492.0,47305.0
2020-12,8,62.86,510.0,32061.0
2020-12,9,81.42,559.0,45481.0
2020-12,10,136.94,311.0,42536.0
2020-12,11,117.19,705.0,82674.0
2020-12,14B,53.8,332.0,17846.0
2020-12,15A,79.31,693.0,54974.0
2020-12,15B,70.0,547.0,38269.0
2020-12,Puesto,2.24,469.0,1050.0
2020-12,9B,8.86,520.0,4604.0
2020-12,14A,55.95,292.0,16317.0
2020-12,13,52.75,747.0,39403.0
2020-12,12,42.33,534.0,22621.0
2020-12,Casco,4.83,567.0,2739.0
2021-01,1,75.79,293.0,22228.0
2021-01,2,78.84,298.0,23459.0
2021-01,3,98.81,572.0,56536.0
2021-01,4,112.37,400.0,44954.0
2021-01,5,67.87,435.0,29519.0
2021-01,6,83.32,821.0,68404.0
2021-01,7,96.12,554.0,53209.0
2021-01,8,62.86,537.0,33730.0
2021-01,9,81.42,510.0,41484.0
2021-01,10,136.94,372.0,51004.0
2021-01,11,117.19,686.0,80438.0
2021-01,14B,53.8,180.0,9711.0
2021-01,15A,79.31,531.0,42090.0
2021-01,15B,70.0,516.0,36097.0
2021-01,Puesto,2.24,484.0,1083.0
2021-01,9B,8.86,577.0,5114.0
2021-01,14A,55.95,329.0,18386.0
2021-01,13,52.75,705.0,37191.0
2021-01,12,42.33,510.0,21587.0
2021-01,Casco,4.83,760.0,3673.0
2021-02,1,75.79,348.0,26366.0
2021-02,2,78.84,301.0,23712.0
2021-02,3,98.81,540.0,53348.0
2021-02,4,112.37,465.0,52203.0
2021-02,5,67.87,473.0,32074.0
2021-02,6,83.32,744.0,61988.0
2021-02,7,96.12,560.0,53795.0
2021-02,8,62.86,473.0,29759.0
2021-02,9,81.42,562.0,45779.0
2021-02,10,136.94,672.0,92012.0
2021-02,11,117.19,635.0,74413.0
2021-02,14B,53.8,484.0,26061.0
2021-02,15A,79.31,402.0,31893.0
2021-02,15B,70.0,694.0,48574.0
2021-02,Puesto,2.24,338.0,758.0
2021-02,9B,8.86,535.0,4737.0
2021-02,14A,55.95,524.0,29297.0
2021-02,13,52.75,691.0,36424.0
2021-02,12,42.33,562.0,23783.0
2021-02,Casco,4.83,643.0,3106.0
2021-03,1,75.79,330.0,25019.0
2021-03,2,78.84,305.0,24049.0
2021-03,3,98.81,458.0,45287.0
2021-03,4,112.37,307.0,34528.0
2021-03,5,67.87,431.0,29280.0
2021-03,6,83.32,500.0,41669.0
2021-03,7,96.12,570.0,54763.0
2021-03,8,62.86,475.0,29854.0
2021-03,9,81.42,483.0,39341.0
2021-03,10,136.94,597.0,81816.0
2021-03,11,117.19,587.0,68750.0
2021-03,14B,53.8,584.0,31435.0
2021-03,15A,79.31,308.0,24436.0
2021-03,15B,70.0,537.0,37559.0
2021-03,Puesto,2.24,370.0,828.0
2021-03,9B,8.86,461.0,4088.0
2021-03,14A,55.95,568.0,31785.0
2021-03,13,52.75,732.0,38612.0
2021-03,12,42.33,493.0,20850.0
2021-03,Casco,4.83,605.0,2925.0
2021-04,1,75.79,469.0,35563.0
2021-04,2,78.84,406.0,32043.0
2021-04,3,98.81,612.0,60480.0
2021-04,4,112.37,370.0,41562.0
2021-04,5,67.87,388.0,26304.0
2021-04,6,83.32,420.0,34988.0
2021-04,7,96.12,542.0,52073.0
2021-04,8,62.86,464.0,29137.0
2021-04,9,81.42,449.0,36579.0
2021-04,10,136.94,582.0,79727.0
2021-04,11,117.19,607.0,71118.0
2021-04,14B,53.8,658.0,35379.0
2021-04,15A,79.31,432.0,34297.0
2021-04,15B,70.0,500.0,35022.0
2021-04,Puesto,2.24,380.0,851.0
2021-04,9B,8.86,451.0,3995.0
2021-04,14A,55.95,401.0,22423.0
2021-04,13,52.75,614.0,32364.0
2021-04,12,42.33,584.0,24742.0
2021-04,Casco,4.83,730.0,3525.0
2021-05,1,75.79,346.0,26234.0
2021-05,2,78.84,303.0,23925.0
2021-05,3,98.81,393.0,38848.0
2021-05,4,112.37,260.0,29265.0
2021-05,5,67.87,278.0,18889.0
2021-05,6,83.32,285.0,23739.0
2021-05,7,96.12,402.0,38620.0
2021-05,8,62.86,276.0,17338.0
2021-05,9,81.42,233.0,18946.0
2021-05,10,136.94,351.0,48041.0
2021-05,11,117.19,453.0,53113.0
2021-05,14B,53.8,485.0,26113.0
2021-05,15A,79.31,310.0,24609.0
2021-05,15B,70.0,343.0,24040.0
2021-05,Puesto,2.24,267.0,597.0
2021-05,9B,8.86,327.0,2896.0
2021-05,14A,55.95,260.0,14560.0
2021-05,13,52.75,380.0,20030.0
2021-05,12,42.33,377.0,15971.0
2021-05,Casco,4.83,562.0,2714.0
2021-06,1,75.79,186.0,14086.0
2021-06,2,78.84,151.0,11937.0
2021-06,3,98.81,177.0,17521.0
2021-06,4,112.37,145.0,16290.0
2021-06,5,67.87,133.0,9043.0
2021-06,6,83.32,144.0,12007.0
2021-06,7,96.12,194.0,18617.0
2021-06,8,62.86,126.0,7930.0
2021-06,9,81.42,114.0,9273.0
2021-06,10,136.94,194.0,26564.0
2021-06,11,117.19,213.0,24945.0
2021-06,14B,53.8,282.0,15183.0
2021-06,15A,79.31,164.0,13019.0
2021-06,15B,70.0,101.0,7066.0
2021-06,Puesto,2.24,182.0,407.0
2021-06,9B,8.86,152.0,1349.0
2021-06,14A,55.95,173.0,9694.0
2021-06,13,52.75,161.0,8512.0
2021-06,12,42.33,179.0,7569.0
2021-06,Casco,4.83,331.0,1600.0
2021-07,1,75.79,194.0,14679.0
2021-07,2,78.84,157.0,12405.0
2021-07,3,98.81,144.0,14278.0
2021-07,4,112.37,185.0,20839.0
2021-07,5,67.87,111.0,7562.0
2021-07,6,83.32,118.0,9845.0
2021-07,7,96.12,162.0,15592.0
2021-07,8,62.86,112.0,7071.0
2021-07,9,81.42,124.0,10102.0
2021-07,10,136.94,236.0,32337.0
2021-07,11,117.19,134.0,15738.0
2021-07,14B,53.8,268.0,14420.0
2021-07,15A,79.31,180.0,14283.0
2021-07,15B,70.0,81.0,5683.0
2021-07,Puesto,2.24,215.0,483.0
2021-07,9B,8.86,191.0,1693.0
2021-07,14A,55.95,196.0,10972.0
2021-07,13,52.75,138.0,7293.0
2021-07,12,42.33,194.0,8207.0
2021-07,Casco,4.83,385.0,1858.0
2021-08,1,75.79,225.0,17058.0
2021-08,2,78.84,191.0,15037.0
2021-08,3,98.81,162.0,16057.0
2021-08,4,112.37,257.0,28849.0
2021-08,5,67.87,125.0,8495.0
2021-08,6,83.32,133.0,11111.0
2021-08,7,96.12,168.0,16104.0
2021-08,8,62.86,149.0,9358.0
2021-08,9,81.42,148.0,12086.0
2021-08,10,136.94,307.0,42038.0
2021-08,11,117.19,124.0,14586.0
2021-08,14B,53.8,223.0,12015.0
2021-08,15A,79.31,191.0,15169.0
2021-08,15B,70.0,100.0,6982.0
2021-08,Puesto,2.24,243.0,544.0
2021-08,9B,8.86,249.0,2204.0
2021-08,14A,55.95,220.0,12321.0
2021-08,13,52.75,145.0,7625.0
2021-08,12,42.33,271.0,11492.0
2021-08,Casco,4.83,380.0,1837.0
2021-09,1,75.79,393.0,29798.0
2021-09,2,78.84,300.0,23680.0
2021-09,3,98.81,279.0,27596.0
2021-09,4,112.37,476.0,53472.0
2021-09,5,67.87,226.0,15359.0
2021-09,6,83.32,242.0,20180.0
2021-09,7,96.12,265.0,25518.0
2021-09,8,62.86,314.0,19759.0
2021-09,9,81.42,275.0,22355.0
2021-09,10,136.94,674.0,92326.0
2021-09,11,117.19,191.0,22355.0
2021-09,14B,53.8,311.0,16729.0
2021-09,15A,79.31,299.0,23696.0
2021-09,15B,70.0,298.0,20871.0
2021-09,Puesto,2.24,454.0,1017.0
2021-09,9B,8.86,424.0,3760.0
2021-09,14A,55.95,408.0,22812.0
2021-09,13,52.75,222.0,11712.0
2021-09,12,42.33,614.0,25985.0
2021-09,Casco,4.83,474.0,2287.0
2021-10,1,75.79,835.0,63296.0
2021-10,2,78.84,745.0,58703.0
2021-10,3,98.81,878.0,86727.0
2021-10,4,112.37,1340.0,150537.0
2021-10,5,67.87,661.0,44849.0
2021-10,6,83.32,658.0,54844.0
2021-10,7,96.12,730.0,70178.0
2021-10,8,62.86,989.0,62182.0
2021-10,9,81.42,822.0,66899.0
2021-10,10,136.94,1501.0,205493.0
2021-10,11,117.19,578.0,67745.0
2021-10,14B,53.8,883.0,47515.0
2021-10,15A,79.31,832.0,65977.0
2021-10,15B,70.0,1056.0,73938.0
2021-10,Puesto,2.24,1198.0,2683.0
2021-10,9B,8.86,1239.0,10979.0
2021-10,14A,55.95,1135.0,63510.0
2021-10,13,52.75,618.0,32620.0
2021-10,12,42.33,1442.0,61026.0
2021-10,Casco,4.83,1072.0,5176.0
2021-11,1,75.79,435.0,33005.0
2021-11,2,78.84,383.0,30165.0
2021-11,3,98.81,1082.0,106947.0
2021-11,4,112.37,565.0,63488.0
2021-11,5,67.87,405.0,27457.0
2021-11,6,83.32,807.0,67223.0
2021-11,7,96.12,749.0,72039.0
2021-11,8,62.86,641.0,40271.0
2021-11,9,81.42,769.0,62618.0
2021-11,10,136.94,608.0,83273.0
2021-11,11,117.19,859.0,100685.0
2021-11,14B,53.8,767.0,41244.0
2021-11,15A,79.31,586.0,46507.0
2021-11,15B,70.0,877.0,61369.0
2021-11,Puesto,2.24,951.0,2131.0
2021-11,9B,8.86,1099.0,9736.0
2021-11,14A,55.95,1028.0,57515.0
2021-11,13,52.75,841.0,44376.0
2021-11,12,42.33,594.0,25149.0
2021-11,Casco,4.83,688.0,3325.0
2021-12,1,75.79,324.0,24578.0
2021-12,2,78.84,356.0,28052.0
2021-12,3,98.81,537.0,53056.0
2021-12,4,112.37,342.0,38450.0
2021-12,5,67.87,315.0,21386.0
2021-12,6,83.32,776.0,64672.0
2021-12,7,96.12,500.0,48072.0
2021-12,8,62.86,428.0,26926.0
2021-12,9,81.42,544.0,44329.0
2021-12,10,136.94,312.0,42663.0
2021-12,11,117.19,631.0,73993.0
2021-12,14B,53.8,281.0,15124.0
2021-12,15A,79.31,545.0,43190.0
2021-12,15B,70.0,458.0,32065.0
2021-12,Puesto,2.24,567.0,1270.0
2021-12,9B,8.86,603.0,5341.0
2021-12,14A,55.95,281.0,15710.0
2021-12,13,52.75,702.0,37055.0
2021-12,12,42.33,469.0,19851.0
2021-12,Casco,4.83,616.0,2977.0
2022-01,1,75.79,231.0,17524.0
2022-01,2,78.84,280.0,22088.0
2022-01,3,98.81,400.0,39533.0
2022-01,4,112.37,262.0,29414.0
2022-01,5,67.87,276.0,18704.0
2022-01,6,83.32,574.0,47795.0
2022-01,7,96.12,356.0,34217.0
2022-01,8,62.86,297.0,18673.0
2022-01,9,81.42,401.0,32638.0
2022-01,10,136.94,253.0,34708.0
2022-01,11,117.19,466.0,54650.0
2022-01,14B,53.8,218.0,11732.0
2022-01,15A,79.31,441.0,35006.0
2022-01,15B,70.0,325.0,22738.0
2022-01,Puesto,2.24,447.0,1001.0
2022-01,9B,8.86,431.0,3819.0
2022-01,14A,55.95,186.0,10391.0
2022-01,13,52.75,485.0,25595.0
2022-01,12,42.33,392.0,16588.0
2022-01,Casco,4.83,507.0,2447.0
2022-02,1,75.79,695.0,52686.0
2022-02,2,78.84,468.0,36884.0
2022-02,3,98.81,937.0,92552.0
2022-02,4,112.37,678.0,76149.0
2022-02,5,67.87,629.0,42691.0
2022-02,6,83.32,711.0,59272.0
2022-02,7,96.12,538.0,51733.0
2022-02,8,62.86,534.0,33567.0
2022-02,9,81.42,591.0,48138.0
2022-02,10,136.94,779.0,106729.0
2022-02,11,117.19,757.0,88657.0
2022-02,14B,53.8,784.0,42188.0
2022-02,15A,79.31,551.0,43714.0
2022-02,15B,70.0,679.0,47515.0
2022-02,Puesto,2.24,502.0,1125.0
2022-02,9B,8.86,714.0,6326.0
2022-02,14A,55.95,875.0,48974.0
2022-02,13,52.75,853.0,45005.0
2022-02,12,42.33,875.0,37024.0
2022-02,Casco,4.83,1020.0,4926.0
2022-03,1,75.79,610.0,46239.0
2022-03,2,78.84,482.0,37967.0
2022-03,3,98.81,829.0,81934.0
2022-03,4,112.37,677.0,76094.0
2022-03,5,67.87,603.0,40926.0
2022-03,6,83.32,668.0,55658.0
2022-03,7,96.12,520.0,50005.0
2022-03,8,62.86,546.0,34352.0
2022-03,9,81.42,693.0,56458.0
2022-03,10,136.94,757.0,103728.0
2022-03,11,117.19,853.0,100006.0
2022-03,14B,53.8,887.0,47734.0
2022-03,15A,79.31,610.0,48356.0
2022-03,15B,70.0,688.0,48144.0
2022-03,Puesto,2.24,518.0,1160.0
2022-03,9B,8.86,698.0,6182.0
2022-03,14A,55.95,1017.0,56926.0
2022-03,13,52.75,630.0,33213.0
2022-03,12,42.33,868.0,36744.0
2022-03,Casco,4.83,793.0,3828.0
2022-04,1,75.79,462.0,35006.0
2022-04,2,78.84,369.0,29074.0
2022-04,3,98.81,406.0,40161.0
2022-04,4,112.37,303.0,34059.0
2022-04,5,67.87,301.0,20439.0
2022-04,6,83.32,360.0,29957.0
2022-04,7,96.12,501.0,48198.0
2022-04,8,62.86,422.0,26542.0
2022-04,9,81.42,435.0,35423.0
2022-04,10,136.94,459.0,62877.0
2022-04,11,117.19,461.0,53995.0
2022-04,14B,53.8,300.0,16134.0
2022-04,15A,79.31,637.0,50541.0
2022-04,15B,70.0,368.0,25779.0
2022-04,Puesto,2.24,399.0,893.0
2022-04,9B,8.86,410.0,3637.0
2022-04,14A,55.95,639.0,35768.0
2022-04,13,52.75,576.0,30400.0
2022-04,12,42.33,413.0,17500.0
2022-04,Casco,4.83,653.0,3153.0
2022-05,1,75.79,269.0,20414.0
2022-05,2,78.84,206.0,16217.0
2022-05,3,98.81,172.0,17023.0
2022-05,4,112.37,184.0,20683.0
2022-05,5,67.87,143.0,9712.0
2022-05,6,83.32,194.0,16133.0
2022-05,7,96.12,288.0,27658.0
2022-05,8,62.86,234.0,14679.0
2022-05,9,81.42,193.0,15696.0
2022-05,10,136.94,245.0,33607.0
2022-05,11,117.19,224.0,26287.0
2022-05,14B,53.8,215.0,11567.0
2022-05,15A,79.31,333.0,26437.0
2022-05,15B,70.0,144.0,10078.0
2022-05,Puesto,2.24,262.0,587.0
2022-05,9B,8.86,241.0,2134.0
2022-05,14A,55.95,300.0,16786.0
2022-05,13,52.75,344.0,18142.0
2022-05,12,42.33,256.0,10818.0
2022-05,Casco,4.83,412.0,1988.0
2022-06,1,75.79,90.0,6795.0
2022-06,2,78.84,84.0,6625.0
2022-06,3,98.81,69.0,6856.0
2022-06,4,112.37,79.0,8864.0
2022-06,5,67.87,71.0,4815.0
2022-06,6,83.32,87.0,7261.0
2022-06,7,96.12,124.0,11894.0
2022-06,8,62.86,81.0,5111.0
2022-06,9,81.42,84.0,6873.0
2022-06,10,136.94,112.0,15282.0
2022-06,11,117.19,89.0,10467.0
2022-06,14B,53.8,121.0,6529.0
2022-06,15A,79.31,145.0,11527.0
2022-06,15B,70.0,56.0,3953.0
2022-06,Puesto,2.24,121.0,272.0
2022-06,9B,8.86,79.0,698.0
2022-06,14A,55.95,119.0,6647.0
2022-06,13,52.75,149.0,7869.0
2022-06,12,42.33,100.0,4230.0
2022-06,Casco,4.83,187.0,905.0
2022-07,1,75.79,52.0,3961.0
2022-07,2,78.84,54.0,4284.0
2022-07,3,98.81,43.0,4230.0
2022-07,4,112.37,49.0,5550.0
2022-07,5,67.87,47.0,3162.0
2022-07,6,83.32,51.0,4212.0
2022-07,7,96.12,58.0,5597.0
2022-07,8,62.86,48.0,2988.0
2022-07,9,81.42,54.0,4437.0
2022-07,10,136.94,76.0,10388.0
2022-07,11,117.19,42.0,4938.0
2022-07,14B,53.8,75.0,4008.0
2022-07,15A,79.31,77.0,6101.0
2022-07,15B,70.0,33.0,2287.0
2022-07,Puesto,2.24,91.0,204.0
2022-07,9B,8.86,51.0,449.0
2022-07,14A,55.95,50.0,2794.0
2022-07,13,52.75,65.0,3425.0
2022-07,12,42.33,56.0,2371.0
2022-07,Casco,4.83,130.0,630.0
2022-08,1,75.79,150.0,11374.0
2022-08,2,78.84,149.0,11745.0
2022-08,3,98.81,109.0,10752.0
2022-08,4,112.37,130.0,14609.0
2022-08,5,67.87,115.0,7815.0
2022-08,6,83.32,137.0,11447.0
2022-08,7,96.12,132.0,12718.0
2022-08,8,62.86,142.0,8931.0
2022-08,9,81.42,124.0,10132.0
2022-08,10,136.94,217.0,29706.0
2022-08,11,117.19,69.0,8102.0
2022-08,14B,53.8,189.0,10169.0
2022-08,15A,79.31,122.0,9668.0
2022-08,15B,70.0,88.0,6176.0
2022-08,Puesto,2.24,181.0,405.0
2022-08,9B,8.86,184.0,1632.0
2022-08,14A,55.95,125.0,7009.0
2022-08,13,52.75,121.0,6368.0
2022-08,12,42.33,130.0,5524.0
2022-08,Casco,4.83,268.0,1293.0
2022-09,1,75.79,274.0,20755.0
2022-09,2,78.84,252.0,19878.0
2022-09,3,98.81,210.0,20758.0
2022-09,4,112.37,254.0,28549.0
2022-09,5,67.87,186.0,12612.0
2022-09,6,83.32,257.0,21446.0
2022-09,7,96.12,228.0,21948.0
2022-09,8,62.86,247.0,15541.0
2022-09,9,81.42,213.0,17339.0
2022-09,10,136.94,392.0,53734.0
2022-09,11,117.19,119.0,13923.0
2022-09,14B,53.8,328.0,17651.0
2022-09,15A,79.31,162.0,12875.0
2022-09,15B,70.0,218.0,15232.0
2022-09,Puesto,2.24,292.0,654.0
2022-09,9B,8.86,363.0,3215.0
2022-09,14A,55.95,288.0,16119.0
2022-09,13,52.75,217.0,11465.0
2022-09,12,42.33,229.0,9681.0
2022-09,Casco,4.83,395.0,1908.0
2022-10,1,75.79,286.0,21708.0
2022-10,2,78.84,230.0,18157.0
2022-10,3,98.81,208.0,20564.0
2022-10,4,112.37,324.0,36441.0
2022-10,5,67.87,173.0,11714.0
2022-10,6,83.32,293.0,24421.0
2022-10,7,96.12,128.0,12283.0
2022-10,8,62.86,242.0,15186.0
2022-10,9,81.42,215.0,17530.0
2022-10,10,136.94,428.0,58588.0
2022-10,11,117.19,113.0,13191.0
2022-10,14B,53.8,311.0,16757.0
2022-10,15A,79.31,148.0,11715.0
2022-10,15B,70.0,302.0,21149.0
2022-10,Puesto,2.24,366.0,819.0
2022-10,9B,8.86,384.0,3402.0
2022-10,14A,55.95,357.0,19960.0
2022-10,13,52.75,233.0,12308.0
2022-10,12,42.33,256.0,10816.0
2022-10,Casco,4.83,445.0,2147.0
2022-11,1,75.79,269.0,20362.0
2022-11,2,78.84,224.0,17640.0
2022-11,3,98.81,276.0,27317.0
2022-11,4,112.37,298.0,33439.0
2022-11,5,67.87,171.0,11619.0
2022-11,6,83.32,293.0,24403.0
2022-11,7,96.12,84.0,8113.0
2022-11,8,62.86,213.0,13405.0
2022-11,9,81.42,241.0,19584.0
2022-11,10,136.94,312.0,42716.0
2022-11,11,117.19,119.0,13908.0
2022-11,14B,53.8,267.0,14376.0
2022-11,15A,79.31,235.0,18609.0
2022-11,15B,70.0,224.0,15710.0
2022-11,Puesto,2.24,376.0,841.0
2022-11,9B,8.86,358.0,3176.0
2022-11,14A,55.95,354.0,19797.0
2022-11,13,52.75,223.0,11750.0
2022-11,12,42.33,290.0,12275.0
2022-11,Casco,4.83,390.0,1885.0
2022-12,1,75.79,472.0,35784.0
2022-12,2,78.84,456.0,35937.0
2022-12,3,98.81,618.0,61070.0
2022-12,4,112.37,388.0,43568.0
2022-12,5,67.87,487.0,33086.0
2022-12,6,83.32,654.0,54505.0
2022-12,7,96.12,200.0,19225.0
2022-12,8,62.86,450.0,28291.0
2022-12,9,81.42,512.0,41684.0
2022-12,10,136.94,474.0,64845.0
2022-12,11,117.19,482.0,56450.0
2022-12,14B,53.8,337.0,18145.0
2022-12,15A,79.31,483.0,38306.0
2022-12,15B,70.0,507.0,35480.0
2022-12,Puesto,2.24,485.0,1087.0
2022-12,9B,8.86,526.0,4657.0
2022-12,14A,55.95,476.0,26659.0
2022-12,13,52.75,406.0,21421.0
2022-12,12,42.33,465.0,19669.0
2022-12,Casco,4.83,562.0,2716.0
2023-01,1,75.79,319.0,24144.0
2023-01,2,78.84,261.0,20589.0
2023-01,3,98.81,384.0,37920.0
2023-01,4,112.37,254.0,28523.0
2023-01,5,67.87,326.0,22123.0
2023-01,6,83.32,526.0,43823.0
2023-01,7,96.12,290.0,27910.0
2023-01,8,62.86,349.0,21933.0
2023-01,9,81.42,466.0,37957.0
2023-01,10,136.94,360.0,49305.0
2023-01,11,117.19,792.0,92775.0
2023-01,14B,53.8,252.0,13562.0
2023-01,15A,79.31,514.0,40752.0
2023-01,15B,70.0,459.0,32100.0
2023-01,Puesto,2.24,399.0,893.0
2023-01,9B,8.86,447.0,3960.0
2023-01,14A,55.95,392.0,21929.0
2023-01,13,52.75,310.0,16335.0
2023-01,12,42.33,319.0,13499.0
2023-01,Casco,4.83,512.0,2472.0
2023-02,1,75.79,214.0,16194.0
2023-02,2,78.84,175.0,13834.0
2023-02,3,98.81,345.0,34104.0
2023-02,4,112.37,225.0,25286.0
2023-02,5,67.87,205.0,13922.0
2023-02,6,83.32,303.0,25252.0
2023-02,7,96.12,610.0,58626.0
2023-02,8,62.86,266.0,16750.0
2023-02,9,81.42,252.0,20552.0
2023-02,10,136.94,335.0,45894.0
2023-02,11,117.19,329.0,38502.0
2023-02,14B,53.8,378.0,20349.0
2023-02,15A,79.31,427.0,33875.0
2023-02,15B,70.0,298.0,20874.0
2023-02,Puesto,2.24,313.0,701.0
2023-02,9B,8.86,292.0,2591.0
2023-02,14A,55.95,229.0,12822.0
2023-02,13,52.75,367.0,19353.0
2023-02,12,42.33,347.0,14703.0
2023-02,Casco,4.83,556.0,2687.0
2023-03,1,75.79,649.0,49203.0
2023-03,2,78.84,565.0,44515.0
2023-03,3,98.81,627.0,61960.0
2023-03,4,112.37,711.0,79944.0
2023-03,5,67.87,458.0,31064.0
2023-03,6,83.32,517.0,43042.0
2023-03,7,96.12,621.0,59705.0
2023-03,8,62.86,507.0,31856.0
2023-03,9,81.42,482.0,39245.0
2023-03,10,136.94,595.0,81521.0
2023-03,11,117.19,480.0,56198.0
2023-03,14B,53.8,912.0,49085.0
2023-03,15A,79.31,433.0,34328.0
2023-03,15B,70.0,558.0,39093.0
2023-03,Puesto,2.24,603.0,1351.0
2023-03,9B,8.86,654.0,5793.0
2023-03,14A,55.95,625.0,34996.0
2023-03,13,52.75,546.0,28824.0
2023-03,12,42.33,770.0,32579.0
2023-03,Casco,4.83,773.0,3734.0
2023-04,1,75.79,637.0,48315.0
2023-04,2,78.84,424.0,33402.0
2023-04,3,98.81,653.0,64505.0
2023-04,4,112.37,532.0,59815.0
2023-04,5,67.87,322.0,21824.0
2023-04,6,83.32,408.0,34027.0
2023-04,7,96.12,366.0,35141.0
2023-04,8,62.86,478.0,30064.0
2023-04,9,81.42,650.0,52886.0
2023-04,10,136.94,530.0,72586.0
2023-04,11,117.19,465.0,54548.0
2023-04,14B,53.8,660.0,35489.0
2023-04,15A,79.31,370.0,29347.0
2023-04,15B,70.0,536.0,37552.0
2023-04,Puesto,2.24,469.0,1051.0
2023-04,9B,8.86,623.0,5521.0
2023-04,14A,55.95,604.0,33821.0
2023-04,13,52.75,774.0,40848.0
2023-04,12,42.33,669.0,28320.0
2023-04,Casco,4.83,575.0,2775.0
2023-05,1,75.79,283.0,21439.0
2023-05,2,78.84,219.0,17305.0
2023-05,3,98.81,231.0,22844.0
2023-05,4,112.37,205.0,23026.0
2023-05,5,67.87,156.0,10600.0
2023-05,6,83.32,188.0,15635.0
2023-05,7,96.12,136.0,13057.0
2023-05,8,62.86,216.0,13588.0
2023-05,9,81.42,196.0,15979.0
2023-05,10,136.94,234.0,32097.0
2023-05,11,117.19,257.0,30176.0
2023-05,14B,53.8,308.0,16593.0
2023-05,15A,79.31,251.0,19916.0
2023-05,15B,70.0,166.0,11653.0
2023-05,Puesto,2.24,221.0,496.0
2023-05,9B,8.86,226.0,2005.0
2023-05,14A,55.95,315.0,17622.0
2023-05,13,52.75,364.0,19187.0
2023-05,12,42.33,301.0,12726.0
2023-05,Casco,4.83,338.0,1632.0
2023-06,1,75.79,153.0,11605.0
2023-06,2,78.84,175.0,13787.0
2023-06,3,98.81,169.0,16740.0
2023-06,4,112.37,135.0,15156.0
2023-06,5,67.87,143.0,9715.0
2023-06,6,83.32,179.0,14944.0
2023-06,7,96.12,84.0,8120.0
2023-06,8,62.86,146.0,9201.0
2023-06,9,81.42,158.0,12902.0
2023-06,10,136.94,203.0,27865.0
2023-06,11,117.19,158.0,18498.0
2023-06,14B,53.8,228.0,12282.0
2023-06,15A,79.31,179.0,14167.0
2023-06,15B,70.0,135.0,9437.0
2023-06,Puesto,2.24,165.0,371.0
2023-06,9B,8.86,199.0,1762.0
2023-06,14A,55.95,183.0,10251.0
2023-06,13,52.75,204.0,10763.0
2023-06,12,42.33,172.0,7287.0
2023-06,Casco,4.83,249.0,1204.0
2023-07,1,75.79,151.0,11407.0
2023-07,2,78.84,163.0,12840.0
2023-07,3,98.81,166.0,16425.0
2023-07,4,112.37,156.0,17485.0
2023-07,5,67.87,160.0,10852.0
2023-07,6,83.32,157.0,13071.0
2023-07,7,96.12,52.0,5005.0
2023-07,8,62.86,141.0,8873.0
2023-07,9,81.42,146.0,11868.0
2023-07,10,136.94,245.0,33615.0
2023-07,11,117.19,127.0,14915.0
2023-07,14B,53.8,212.0,11402.0
2023-07,15A,79.31,184.0,14607.0
2023-07,15B,70.0,132.0,9243.0
2023-07,Puesto,2.24,157.0,351.0
2023-07,9B,8.86,164.0,1453.0
2023-07,14A,55.95,140.0,7831.0
2023-07,13,52.75,151.0,7970.0
2023-07,12,42.33,193.0,8153.0
2023-07,Casco,4.83,251.0,1211.0
2023-08,1,75.79,230.0,17468.0
2023-08,2,78.84,232.0,18294.0
2023-08,3,98.81,232.0,22933.0
2023-08,4,112.37,251.0,28202.0
2023-08,5,67.87,183.0,12419.0
2023-08,6,83.32,242.0,20152.0
2023-08,7,96.12,76.0,7343.0
2023-08,8,62.86,228.0,14331.0
2023-08,9,81.42,222.0,18071.0
2023-08,10,136.94,375.0,51390.0
2023-08,11,117.19,167.0,19545.0
2023-08,14B,53.8,231.0,12416.0
2023-08,15A,79.31,251.0,19944.0
2023-08,15B,70.0,175.0,12259.0
2023-08,Puesto,2.24,212.0,475.0
2023-08,9B,8.86,284.0,2520.0
2023-08,14A,55.95,208.0,11646.0
2023-08,13,52.75,218.0,11505.0
2023-08,12,42.33,306.0,12943.0
2023-08,Casco,4.83,341.0,1646.0
2023-09,1,75.79,333.0,25238.0
2023-09,2,78.84,302.0,23824.0
2023-09,3,98.81,360.0,35543.0
2023-09,4,112.37,344.0,38676.0
2023-09,5,67.87,270.0,18336.0
2023-09,6,83.32,269.0,22410.0
2023-09,7,96.12,101.0,9660.0
2023-09,8,62.86,322.0,20218.0
2023-09,9,81.42,329.0,26787.0
2023-09,10,136.94,554.0,75907.0
2023-09,11,117.19,132.0,15506.0
2023-09,14B,53.8,378.0,20312.0
2023-09,15A,79.31,216.0,17109.0
2023-09,15B,70.0,209.0,14615.0
2023-09,Puesto,2.24,292.0,655.0
2023-09,9B,8.86,483.0,4275.0
2023-09,14A,55.95,257.0,14364.0
2023-09,13,52.75,282.0,14874.0
2023-09,12,42.33,311.0,13156.0
2023-09,Casco,4.83,438.0,2115.0
2023-10,1,75.79,426.0,32276.0
2023-10,2,78.84,435.0,34321.0
2023-10,3,98.81,566.0,55906.0
2023-10,4,112.37,594.0,66753.0
2023-10,5,67.87,319.0,21681.0
2023-10,6,83.32,479.0,39890.0
2023-10,7,96.12,82.0,7865.0
2023-10,8,62.86,457.0,28727.0
2023-10,9,81.42,525.0,42764.0
2023-10,10,136.94,738.0,101062.0
2023-10,11,117.19,185.0,21664.0
2023-10,14B,53.8,482.0,25934.0
2023-10,15A,79.31,262.0,20764.0
2023-10,15B,70.0,323.0,22591.0
2023-10,Puesto,2.24,452.0,1011.0
2023-10,9B,8.86,760.0,6735.0
2023-10,14A,55.95,500.0,27999.0
2023-10,13,52.75,519.0,27379.0
2023-10,12,42.33,491.0,20767.0
2023-10,Casco,4.83,606.0,2928.0
2023-11,1,75.79,706.0,53476.0
2023-11,2,78.84,542.0,42742.0
2023-11,3,98.81,1069.0,105641.0
2023-11,4,112.37,894.0,100423.0
2023-11,5,67.87,665.0,45103.0
2023-11,6,83.32,691.0,57598.0
2023-11,7,96.12,277.0,26655.0
2023-11,8,62.86,696.0,43719.0
2023-11,9,81.42,805.0,65559.0
2023-11,10,136.94,1030.0,140981.0
2023-11,11,117.19,472.0,55276.0
2023-11,14B,53.8,1081.0,58162.0
2023-11,15A,79.31,457.0,36264.0
2023-11,15B,70.0,854.0,59798.0
2023-11,Puesto,2.24,627.0,1404.0
2023-11,9B,8.86,919.0,8146.0
2023-11,14A,55.95,815.0,45590.0
2023-11,13,52.75,816.0,43046.0
2023-11,12,42.33,1046.0,44286.0
2023-11,Casco,4.83,808.0,3904.0
2023-12,1,75.79,1054.0,79887.0
2023-12,2,78.84,772.0,60895.0
2023-12,3,98.81,925.0,91425.0
2023-12,4,112.37,1203.0,135174.0
2023-12,5,67.87,581.0,39449.0
2023-12,6,83.32,1266.0,105503.0
2023-12,7,96.12,1409.0,135460.0
2023-12,8,62.86,792.0,49804.0
2023-12,9,81.42,946.0,76986.0
2023-12,10,136.94,944.0,129317.0
2023-12,11,117.19,1169.0,136989.0
2023-12,14B,53.8,411.0,22104.0
2023-12,15A,79.31,1112.0,88161.0
2023-12,15B,70.0,1114.0,78009.0
2023-12,Puesto,2.24,918.0,2056.0
2023-12,9B,8.86,1286.0,11397.0
2023-12,14A,55.95,1148.0,64238.0
2023-12,13,52.75,1414.0,74589.0
2023-12,12,42.33,768.0,32500.0
2023-12,Casco,4.83,1202.0,5808.0
2024-01,1,75.79,779.0,59043.0
2024-01,2,78.84,939.0,74025.0
2024-01,3,98.81,963.0,95182.0
2024-01,4,112.37,1389.0,156112.0
2024-01,5,67.87,776.0,52655.0
2024-01,6,83.32,1155.0,96227.0
2024-01,7,96.12,1219.0,117162.0
2024-01,8,62.86,766.0,48145.0
2024-01,9,81.42,988.0,80480.0
2024-01,10,136.94,933.0,127700.0
2024-01,11,117.19,1424.0,166897.0
2024-01,14B,53.8,648.0,34851.0
2024-01,15A,79.31,1352.0,107234.0
2024-01,15B,70.0,1020.0,71400.0
2024-01,Puesto,2.24,948.0,2123.0
2024-01,9B,8.86,1140.0,10102.0
2024-01,14A,55.95,1302.0,72856.0
2024-01,13,52.75,1658.0,87439.0
2024-01,12,42.33,768.0,32522.0
2024-01,Casco,4.83,1188.0,5737.0
2024-02,1,75.79,384.0,29076.0
2024-02,2,78.84,374.0,29491.0
2024-02,3,98.81,514.0,50774.0
2024-02,4,112.37,536.0,60207.0
2024-02,5,67.87,464.0,31493.0
2024-02,6,83.32,425.0,35448.0
2024-02,7,96.12,243.0,23320.0
2024-02,8,62.86,393.0,24694.0
2024-02,9,81.42,470.0,38247.0
2024-02,10,136.94,487.0,66725.0
2024-02,11,117.19,661.0,77469.0
2024-02,14B,53.8,852.0,45820.0
2024-02,15A,79.31,679.0,53844.0
2024-02,15B,70.0,509.0,35596.0
2024-02,Puesto,2.24,485.0,1086.0
2024-02,9B,8.86,506.0,4485.0
2024-02,14A,55.95,425.0,23769.0
2024-02,13,52.75,762.0,40195.0
2024-02,12,42.33,712.0,30138.0
2024-02,Casco,4.83,531.0,2564.0
2024-03,1,75.79,559.0,42375.0
2024-03,2,78.84,464.0,36544.0
2024-03,3,98.81,725.0,71622.0
2024-03,4,112.37,711.0,79934.0
2024-03,5,67.87,745.0,50572.0
2024-03,6,83.32,732.0,61012.0
2024-03,7,96.12,256.0,24652.0
2024-03,8,62.86,670.0,42147.0
2024-03,9,81.42,734.0,59783.0
2024-03,10,136.94,933.0,127698.0
2024-03,11,117.19,769.0,90170.0
2024-03,14B,53.8,975.0,52442.0
2024-03,15A,79.31,876.0,69506.0
2024-03,15B,70.0,906.0,63391.0
2024-03,Puesto,2.24,601.0,1346.0
2024-03,9B,8.86,802.0,7104.0
2024-03,14A,55.95,665.0,37191.0
2024-03,13,52.75,1039.0,54790.0
2024-03,12,42.33,1060.0,44884.0
2024-03,Casco,4.83,678.0,3275.0
2024-04,1,75.79,401.0,30376.0
2024-04,2,78.84,408.0,32127.0
2024-04,3,98.81,744.0,73531.0
2024-04,4,112.37,342.0,38433.0
2024-04,5,67.87,442.0,29986.0
2024-04,6,83.32,600.0,49997.0
2024-04,7,96.12,157.0,15105.0
2024-04,8,62.86,383.0,24065.0
2024-04,9,81.42,520.0,42314.0
2024-04,10,136.94,471.0,64545.0
2024-04,11,117.19,278.0,32523.0
2024-04,14B,53.8,521.0,28020.0
2024-04,15A,79.31,498.0,39474.0
2024-04,15B,70.0,564.0,39470.0
2024-04,Puesto,2.24,411.0,921.0
2024-04,9B,8.86,492.0,4358.0
2024-04,14A,55.95,361.0,20222.0
2024-04,13,52.75,574.0,30271.0
2024-04,12,42.33,538.0,22778.0
2024-04,Casco,4.83,542.0,2620.0
2024-05,1,75.79,230.0,17445.0
2024-05,2,78.84,261.0,20580.0
2024-05,3,98.81,503.0,49691.0
2024-05,4,112.37,201.0,22640.0
2024-05,5,67.87,208.0,14108.0
2024-05,6,83.32,313.0,26103.0
2024-05,7,96.12,103.0,9922.0
2024-05,8,62.86,219.0,13776.0
2024-05,9,81.42,283.0,23051.0
2024-05,10,136.94,279.0,38227.0
2024-05,11,117.19,173.0,20244.0
2024-05,14B,53.8,323.0,17389.0
2024-05,15A,79.31,328.0,26038.0
2024-05,15B,70.0,340.0,23789.0
2024-05,Puesto,2.24,256.0,572.0
2024-05,9B,8.86,186.0,1645.0
2024-05,14A,55.95,173.0,9667.0
2024-05,13,52.75,332.0,17499.0
2024-05,12,42.33,274.0,11616.0
2024-05,Casco,4.83,406.0,1961.0
2024-06,1,75.79,118.0,8922.0
2024-06,2,78.84,120.0,9428.0
2024-06,3,98.81,188.0,18579.0
2024-06,4,112.37,93.0,10487.0
2024-06,5,67.87,90.0,6075.0
2024-06,6,83.32,131.0,10909.0
2024-06,7,96.12,119.0,11466.0
2024-06,8,62.86,116.0,7274.0
2024-06,9,81.42,131.0,10689.0
2024-06,10,136.94,141.0,19255.0
2024-06,11,117.19,116.0,13593.0
2024-06,14B,53.8,134.0,7234.0
2024-06,15A,79.31,142.0,11290.0
2024-06,15B,70.0,132.0,9241.0
2024-06,Puesto,2.24,161.0,362.0
2024-06,9B,8.86,131.0,1161.0
2024-06,14A,55.95,100.0,5598.0
2024-06,13,52.75,99.0,5234.0
2024-06,12,42.33,101.0,4279.0
2024-06,Casco,4.83,259.0,1250.0
2024-07,1,75.79,100.0,7592.0
2024-07,2,78.84,93.0,7302.0
2024-07,3,98.81,112.0,11073.0
2024-07,4,112.37,74.0,8315.0
2024-07,5,67.87,67.0,4570.0
2024-07,6,83.32,95.0,7909.0
2024-07,7,96.12,55.0,5311.0
2024-07,8,62.86,95.0,5942.0
2024-07,9,81.42,107.0,8683.0
2024-07,10,136.94,124.0,17010.0
2024-07,11,117.19,76.0,8906.0
2024-07,14B,53.8,76.0,4099.0
2024-07,15A,79.31,98.0,7751.0
2024-07,15B,70.0,82.0,5737.0
2024-07,Puesto,2.24,142.0,319.0
2024-07,9B,8.86,114.0,1008.0
2024-07,14A,55.95,97.0,5429.0
2024-07,13,52.75,73.0,3826.0
2024-07,12,42.33,76.0,3225.0
2024-07,Casco,4.83,232.0,1122.0
2024-08,1,75.79,133.0,10044.0
2024-08,2,78.84,121.0,9507.0
2024-08,3,98.81,123.0,12182.0
2024-08,4,112.37,87.0,9795.0
2024-08,5,67.87,102.0,6908.0
2024-08,6,83.32,106.0,8829.0
2024-08,7,96.12,108.0,10354.0
2024-08,8,62.86,133.0,8378.0
2024-08,9,81.42,111.0,9019.0
2024-08,10,136.94,139.0,19050.0
2024-08,11,117.19,75.0,8816.0
2024-08,14B,53.8,95.0,5128.0
2024-08,15A,79.31,82.0,6528.0
2024-08,15B,70.0,60.0,4209.0
2024-08,Puesto,2.24,147.0,329.0
2024-08,9B,8.86,161.0,1426.0
2024-08,14A,55.95,122.0,6812.0
2024-08,13,52.75,57.0,2989.0
2024-08,12,42.33,102.0,4298.0
2024-08,Casco,4.83,263.0,1270.0
2024-09,1,75.79,390.0,29571.0
2024-09,2,78.84,333.0,26268.0
2024-09,3,98.81,336.0,33206.0
2024-09,4,112.37,243.0,27321.0
2024-09,5,67.87,329.0,22318.0
2024-09,6,83.32,288.0,24001.0
2024-09,7,96.12,447.0,42918.0
2024-09,8,62.86,387.0,24350.0
2024-09,9,81.42,316.0,25693.0
2024-09,10,136.94,424.0,58028.0
2024-09,11,117.19,292.0,34273.0
2024-09,14B,53.8,395.0,21266.0
2024-09,15A,79.31,233.0,18458.0
2024-09,15B,70.0,179.0,12516.0
2024-09,Puesto,2.24,325.0,728.0
2024-09,9B,8.86,486.0,4309.0
2024-09,14A,55.95,325.0,18172.0
2024-09,13,52.75,202.0,10670.0
2024-09,12,42.33,309.0,13080.0
2024-09,Casco,4.83,635.0,3067.0
2024-10,1,75.79,456.0,34552.0
2024-10,2,78.84,429.0,33849.0
2024-10,3,98.81,571.0,56458.0
2024-10,4,112.37,466.0,52366.0
2024-10,5,67.87,418.0,28387.0
2024-10,6,83.32,377.0,31406.0
2024-10,7,96.12,114.0,10996.0
2024-10,8,62.86,402.0,25273.0
2024-10,9,81.42,561.0,45700.0
2024-10,10,136.94,768.0,105114.0
2024-10,11,117.19,254.0,29804.0
2024-10,14B,53.8,648.0,34852.0
2024-10,15A,79.31,372.0,29507.0
2024-10,15B,70.0,330.0,23125.0
2024-10,Puesto,2.24,449.0,1005.0
2024-10,9B,8.86,557.0,4937.0
2024-10,14A,55.95,545.0,30489.0
2024-10,13,52.75,340.0,17919.0
2024-10,12,42.33,550.0,23290.0
2024-10,Casco,4.83,693.0,3348.0
2024-11,1,75.79,773.0,58610.0
2024-11,2,78.84,824.0,64999.0
2024-11,3,98.81,1380.0,136331.0
2024-11,4,112.37,917.0,103025.0
2024-11,5,67.87,885.0,60045.0
2024-11,6,83.32,1247.0,103863.0
2024-11,7,96.12,276.0,26550.0
2024-11,8,62.86,885.0,55625.0
2024-11,9,81.42,990.0,80602.0
2024-11,10,136.94,1070.0,146545.0
2024-11,11,117.19,604.0,70729.0
2024-11,14B,53.8,1341.0,72131.0
2024-11,15A,79.31,1005.0,79671.0
2024-11,15B,70.0,531.0,37197.0
2024-11,Puesto,2.24,838.0,1878.0
2024-11,9B,8.86,1186.0,10508.0
2024-11,14A,55.95,693.0,38755.0
2024-11,13,52.75,1385.0,73075.0
2024-11,12,42.33,1092.0,46222.0
2024-11,Casco,4.83,966.0,4668.0
2024-12,1,75.79,718.0,54437.0
2024-12,2,78.84,1040.0,81991.0
2024-12,3,98.81,1587.0,156844.0
2024-12,4,112.37,885.0,99458.0
2024-12,5,67.87,1022.0,69346.0
2024-12,6,83.32,1592.0,132633.0
2024-12,7,96.12,660.0,63478.0
2024-12,8,62.86,1206.0,75824.0
2024-12,9,81.42,1010.0,82232.0
2024-12,10,136.94,1125.0,154072.0
2024-12,11,117.19,1161.0,136024.0
2024-12,14B,53.8,1372.0,73839.0
2024-12,15A,79.31,1219.0,96654.0
2024-12,15B,70.0,896.0,62707.0
2024-12,Puesto,2.24,941.0,2108.0
2024-12,9B,8.86,1247.0,11047.0
2024-12,14A,55.95,1189.0,66512.0
2024-12,13,52.75,1061.0,55957.0
2024-12,12,42.33,1070.0,45281.0
2024-12,Casco,4.83,998.0,4821.0
2025-01,1,75.79,304.0,23055.0
2025-01,2,78.84,346.0,27298.0
2025-01,3,98.81,588.0,58098.0
2025-01,4,112.37,521.0,58577.0
2025-01,5,67.87,339.0,22991.0
2025-01,6,83.32,874.0,72848.0
2025-01,7,96.12,783.0,75295.0
2025-01,8,62.86,563.0,35387.0
2025-01,9,81.42,549.0,44721.0
2025-01,10,136.94,510.0,69858.0
2025-01,11,117.19,775.0,90785.0
2025-01,14B,53.8,597.0,32113.0
2025-01,15A,79.31,886.0,70257.0
2025-01,15B,70.0,740.0,51812.0
2025-01,Puesto,2.24,566.0,1267.0
2025-01,9B,8.86,543.0,4811.0
2025-01,14A,55.95,805.0,45040.0
2025-01,13,52.75,591.0,31189.0
2025-01,12,42.33,915.0,38738.0
2025-01,Casco,4.83,851.0,4109.0
2025-02,1,75.79,122.0,9255.0
2025-02,2,78.84,112.0,8828.0
2025-02,3,98.81,220.0,21743.0
2025-02,4,112.37,160.0,17956.0
2025-02,5,67.87,85.0,5737.0
2025-02,6,83.32,171.0,14289.0
2025-02,7,96.12,215.0,20692.0
2025-02,8,62.86,156.0,9780.0
2025-02,9,81.42,167.0,13574.0
2025-02,10,136.94,200.0,27354.0
2025-02,11,117.19,255.0,29883.0
2025-02,14B,53.8,129.0,6930.0
2025-02,15A,79.31,235.0,18633.0
2025-02,15B,70.0,171.0,11976.0
2025-02,Puesto,2.24,188.0,422.0
2025-02,9B,8.86,159.0,1406.0
2025-02,14A,55.95,175.0,9813.0
2025-02,13,52.75,144.0,7605.0
2025-02,12,42.33,219.0,9259.0
2025-02,Casco,4.83,270.0,1304.0
2025-03,1,75.79,802.0,60776.0
2025-03,2,78.84,417.0,32891.0
2025-03,3,98.81,974.0,96243.0
2025-03,4,112.37,577.0,64831.0
2025-03,5,67.87,516.0,35046.0
2025-03,6,83.32,509.0,42451.0
2025-03,7,96.12,464.0,44647.0
2025-03,8,62.86,669.0,42023.0
2025-03,9,81.42,689.0,56077.0
2025-03,10,136.94,722.0,98867.0
2025-03,11,117.19,531.0,62253.0
2025-03,14B,53.8,935.0,50287.0
2025-03,15A,79.31,601.0,47645.0
2025-03,15B,70.0,435.0,30457.0
2025-03,Puesto,2.24,576.0,1291.0
2025-03,9B,8.86,804.0,7124.0
2025-03,14A,55.95,650.0,36350.0
2025-03,13,52.75,1052.0,55511.0
2025-03,12,42.33,697.0,29523.0
2025-03,Casco,4.83,692.0,3342.0
2025-04,1,75.79,542.0,41044.0
2025-04,2,78.84,475.0,37450.0
2025-04,3,98.81,633.0,62565.0
2025-04,4,112.37,725.0,81518.0
2025-04,5,67.87,640.0,43427.0
2025-04,6,83.32,754.0,62783.0
2025-04,7,96.12,202.0,19382.0
2025-04,8,62.86,560.0,35195.0
2025-04,9,81.42,700.0,56960.0
2025-04,10,136.94,616.0,84309.0
2025-04,11,117.19,407.0,47715.0
2025-04,14B,53.8,826.0,44423.0
2025-04,15A,79.31,566.0,44895.0
2025-04,15B,70.0,568.0,39729.0
2025-04,Puesto,2.24,425.0,953.0
2025-04,9B,8.86,565.0,5007.0
2025-04,14A,55.95,755.0,42264.0
2025-04,13,52.75,858.0,45269.0
2025-04,12,42.33,495.0,20940.0
2025-04,Casco,4.83,612.0,2958.0
2025-05,1,75.79,348.0,26402.0
2025-05,2,78.84,350.0,27627.0
2025-05,3,98.81,339.0,33514.0
2025-05,4,112.37,440.0,49493.0
2025-05,5,67.87,333.0,22574.0
2025-05,6,83.32,431.0,35927.0
2025-05,7,96.12,148.0,14183.0
2025-05,8,62.86,356.0,22350.0
2025-05,9,81.42,455.0,37053.0
2025-05,10,136.94,379.0,51929.0
2025-05,11,117.19,274.0,32062.0
2025-05,14B,53.8,492.0,26464.0
2025-05,15A,79.31,326.0,25826.0
2025-05,15B,70.0,416.0,29105.0
2025-05,Puesto,2.24,265.0,594.0
2025-05,9B,8.86,350.0,3104.0
2025-05,14A,55.95,496.0,27726.0
2025-05,13,52.75,479.0,25252.0
2025-05,12,42.33,308.0,13045.0
2025-05,Casco,4.83,441.0,2130.0
2025-06,1,75.79,280.0,21188.0
2025-06,2,78.84,221.0,17427.0
2025-06,3,98.81,212.0,20905.0
2025-06,4,112.37,232.0,26016.0
2025-06,5,67.87,212.0,14407.0
2025-06,6,83.32,249.0,20781.0
2025-06,7,96.12,168.0,16122.0
2025-06,8,62.86,248.0,15590.0
2025-06,9,81.42,264.0,21510.0
2025-06,10,136.94,270.0,36941.0
2025-06,11,117.19,229.0,26784.0
2025-06,14B,53.8,372.0,20019.0
2025-06,15A,79.31,203.0,16070.0
2025-06,15B,70.0,218.0,15265.0
2025-06,Puesto,2.24,225.0,503.0
2025-06,9B,8.86,267.0,2368.0
2025-06,14A,55.95,339.0,18963.0
2025-06,13,52.75,257.0,13555.0
2025-06,12,42.33,295.0,12501.0
2025-06,Casco,4.83,359.0,1735.0
2025-07,1,75.79,199.0,15053.0
2025-07,2,78.84,183.0,14416.0
2025-07,3,98.81,180.0,17833.0
2025-07,4,112.37,157.0,17609.0
2025-07,5,67.87,173.0,11752.0
2025-07,6,83.32,157.0,13079.0
2025-07,7,96.12,174.0,16694.0
2025-07,8,62.86,179.0,11247.0
2025-07,9,81.42,180.0,14640.0
2025-07,10,136.94,191.0,26129.0
2025-07,11,117.19,226.0,26529.0
2025-07,14B,53.8,226.0,12147.0
2025-07,15A,79.31,184.0,14595.0
2025-07,15B,70.0,151.0,10587.0
2025-07,Puesto,2.24,203.0,455.0
2025-07,9B,8.86,225.0,1995.0
2025-07,14A,55.95,202.0,11327.0
2025-07,13,52.75,174.0,9197.0
2025-07,12,42.33,226.0,9547.0
2025-07,Casco,4.83,319.0,1543.0
2025-08,1,75.79,275.0,20831.0
2025-08,2,78.84,271.0,21360.0
2025-08,3,98.81,282.0,27908.0
2025-08,4,112.37,210.0,23573.0
2025-08,5,67.87,238.0,16149.0
2025-08,6,83.32,233.0,19426.0
2025-08,7,96.12,281.0,26979.0
2025-08,8,62.86,255.0,16051.0
2025-08,9,81.42,215.0,17537.0
2025-08,10,136.94,264.0,36095.0
2025-08,11,117.19,254.0,29765.0
2025-08,14B,53.8,301.0,16196.0
2025-08,15A,79.31,208.0,16508.0
2025-08,15B,70.0,215.0,15023.0
2025-08,Puesto,2.24,269.0,602.0
2025-08,9B,8.86,303.0,2682.0
2025-08,14A,55.95,292.0,16347.0
2025-08,13,52.75,277.0,14616.0
2025-08,12,42.33,357.0,15104.0
2025-08,Casco,4.83,433.0,2090.0
2025-09,1,75.79,623.0,47244.0
2025-09,2,78.84,548.0,43171.0
2025-09,3,98.81,599.0,59210.0
2025-09,4,112.37,473.0,53154.0
2025-09,5,67.87,455.0,30899.0
2025-09,6,83.32,463.0,38570.0
2025-09,7,96.12,313.0,30068.0
2025-09,8,62.86,548.0,34441.0
2025-09,9,81.42,476.0,38733.0
2025-09,10,136.94,506.0,69297.0
2025-09,11,117.19,282.0,33031.0
2025-09,14B,53.8,630.0,33914.0
2025-09,15A,79.31,420.0,33330.0
2025-09,15B,70.0,451.0,31545.0
2025-09,Puesto,2.24,517.0,1158.0
2025-09,9B,8.86,665.0,5888.0
2025-09,14A,55.95,531.0,29688.0
2025-09,13,52.75,678.0,35781.0
2025-09,12,42.33,775.0,32794.0
2025-09,Casco,4.83,701.0,3388.0
2025-10,1,75.79,1207.0,91509.0
2025-10,2,78.84,1085.0,85552.0
2025-10,3,98.81,1256.0,124122.0
2025-10,4,112.37,1408.0,158166.0
2025-10,5,67.87,735.0,49918.0
2025-10,6,83.32,1132.0,94306.0
2025-10,7,96.12,913.0,87752.0
2025-10,8,62.86,953.0,59877.0
2025-10,9,81.42,1028.0,83660.0
2025-10,10,136.94,1225.0,167814.0
2025-10,11,117.19,508.0,59591.0
2025-10,14B,53.8,1163.0,62583.0
2025-10,15A,79.31,605.0,47987.0
2025-10,15B,70.0,986.0,69047.0
2025-10,Puesto,2.24,624.0,1397.0
2025-10,9B,8.86,1292.0,11444.0
2025-10,14A,55.95,1271.0,71118.0
2025-10,13,52.75,1213.0,63981.0
2025-10,12,42.33,1287.0,54491.0
2025-10,Casco,4.83,1017.0,4911.0
2025-11,1,75.79,1440.0,109141.0
2025-11,2,78.84,1130.0,89089.0
2025-11,3,98.81,1619.0,159928.0
2025-11,4,112.37,1661.0,186630.0
2025-11,5,67.87,956.0,64918.0
2025-11,6,83.32,1641.0,136703.0
2025-11,7,96.12,1013.0,97344.0
2025-11,8,62.86,1156.0,72684.0
2025-11,9,81.42,1530.0,124560.0
2025-11,10,136.94,1543.0,211273.0
2025-11,11,117.19,762.0,89253.0
2025-11,14B,53.8,1534.0,82513.0
2025-11,15A,79.31,745.0,59097.0
2025-11,15B,70.0,1209.0,84646.0
2025-11,Puesto,2.24,765.0,1713.0
2025-11,9B,8.86,1635.0,14483.0
2025-11,14A,55.95,1297.0,72583.0
2025-11,13,52.75,1709.0,90138.0
2025-11,12,42.33,1685.0,71331.0
2025-11,Casco,4.83,855.0,4129.0
2025-12,1,75.79,937.0,70979.0
2025-12,2,78.84,555.0,43767.0
2025-12,3,98.81,1325.0,130882.0
2025-12,4,112.37,906.0,101842.0
2025-12,5,67.87,925.0,62808.0
2025-12,6,83.32,1225.0,102037.0
2025-12,7,96.12,597.0,57381.0
2025-12,8,62.86,1003.0,63030.0
2025-12,9,81.42,1147.0,93376.0
2025-12,10,136.94,939.0,128632.0
2025-12,11,117.19,578.0,67753.0
2025-12,14B,53.8,1172.0,63045.0
2025-12,15A,79.31,804.0,63796.0
2025-12,15B,70.0,977.0,68356.0
2025-12,Puesto,2.24,665.0,1489.0
2025-12,9B,8.86,870.0,7710.0
2025-12,14A,55.95,1069.0,59831.0
2025-12,13,52.75,1134.0,59803.0
2025-12,12,42.33,1031.0,43621.0
2025-12,Casco,4.83,811.0,3918.0
2026-01,1,75.79,385.0,29207.0
2026-01,2,78.84,281.0,22168.0
2026-01,3,98.81,562.0,55519.0
2026-01,4,112.37,405.0,45526.0
2026-01,5,67.87,476.0,32278.0
2026-01,6,83.32,356.0,29673.0
2026-01,7,96.12,343.0,32938.0
2026-01,8,62.86,452.0,28427.0
2026-01,9,81.42,447.0,36386.0
2026-01,10,136.94,393.0,53868.0
2026-01,11,117.19,358.0,42013.0
2026-01,14B,53.8,468.0,25160.0
2026-01,15A,79.31,533.0,42239.0
2026-01,15B,70.0,410.0,28689.0
2026-01,Puesto,2.24,367.0,821.0
2026-01,9B,8.86,467.0,4134.0
2026-01,14A,55.95,608.0,33999.0
2026-01,13,52.75,416.0,21923.0
2026-01,12,42.33,485.0,20522.0
2026-01,Casco,4.83,658.0,3177.0
2026-02,1,75.79,161.0,12204.0
2026-02,2,78.84,115.0,9028.0
2026-02,3,98.81,271.0,26823.0
2026-02,4,112.37,150.0,16899.0
2026-02,5,67.87,193.0,13104.0
2026-02,6,83.32,147.0,12285.0
2026-02,7,96.12,204.0,19579.0
2026-02,8,62.86,203.0,12782.0
2026-02,9,81.42,159.0,12947.0
2026-02,10,136.94,204.0,27925.0
2026-02,11,117.19,212.0,24854.0
2026-02,14B,53.8,183.0,9838.0
2026-02,15A,79.31,308.0,24456.0
2026-02,15B,70.0,163.0,11377.0
2026-02,Puesto,2.24,220.0,493.0
2026-02,9B,8.86,141.0,1252.0
2026-02,14A,55.95,208.0,11646.0
2026-02,13,52.75,198.0,10440.0
2026-02,12,42.33,223.0,9449.0
2026-02,Casco,4.83,424.0,2047.0
2026-03,1,75.79,105.0,7949.0
2026-03,2,78.84,82.0,6476.0
2026-03,3,98.81,193.0,19062.0
2026-03,4,112.37,102.0,11437.0
2026-03,5,67.87,83.0,5655.0
2026-03,6,83.32,113.0,9376.0
2026-03,7,96.12,175.0,16815.0
2026-03,8,62.86,133.0,8378.0
2026-03,9,81.42,104.0,8436.0
2026-03,10,136.94,133.0,18217.0
2026-03,11,117.19,228.0,26678.0
2026-03,14B,53.8,132.0,7077.0
2026-03,15A,79.31,238.0,18913.0
2026-03,15B,70.0,114.0,7968.0
2026-03,Puesto,2.24,188.0,422.0
2026-03,9B,8.86,104.0,925.0
2026-03,14A,55.95,150.0,8378.0
2026-03,13,52.75,139.0,7341.0
2026-03,12,42.33,135.0,5696.0
2026-03,Casco,4.83,332.0,1605.0
2026-04,1,75.79,315.0,23888.0
2026-04,2,78.84,386.0,30458.0
2026-04,3,98.81,528.0,52194.0
2026-04,4,112.37,431.0,48435.0
2026-04,5,67.87,509.0,34538.0
2026-04,6,83.32,389.0,32427.0
2026-04,7,96.12,626.0,60130.0
2026-04,8,62.86,374.0,23479.0
2026-04,9,81.42,394.0,32053.0
2026-04,10,136.94,414.0,56664.0
2026-04,11,117.19,494.0,57861.0
2026-04,14B,53.8,397.0,21378.0
2026-04,15A,79.31,536.0,42543.0
2026-04,15B,70.0,666.0,46599.0
2026-04,Puesto,2.24,350.0,783.0
2026-04,9B,8.86,532.0,4713.0
2026-04,14A,55.95,453.0,25340.0
2026-04,13,52.75,316.0,16657.0
2026-04,12,42.33,321.0,13602.0
2026-04,Casco,4.83,564.0,2723.0
